{
    "accuracy": 0.5268333333333334,
    "precision_weighted": 0.568204258562708,
    "recall_weighted": 0.5268333333333334,
    "confusion_matrix": [
        [
            885,
            74,
            92,
            18,
            2,
            5,
            38,
            7,
            75,
            21
        ],
        [
            55,
            952,
            43,
            6,
            5,
            6,
            56,
            6,
            23,
            78
        ],
        [
            137,
            14,
            700,
            41,
            17,
            51,
            191,
            30,
            7,
            10
        ],
        [
            52,
            37,
            218,
            349,
            12,
            149,
            262,
            41,
            21,
            41
        ],
        [
            86,
            24,
            219,
            74,
            226,
            25,
            404,
            109,
            11,
            17
        ],
        [
            28,
            20,
            204,
            206,
            21,
            463,
            172,
            67,
            11,
            21
        ],
        [
            15,
            14,
            164,
            39,
            2,
            15,
            926,
            10,
            3,
            2
        ],
        [
            82,
            48,
            130,
            103,
            51,
            37,
            134,
            533,
            11,
            68
        ],
        [
            318,
            95,
            81,
            13,
            4,
            5,
            45,
            2,
            564,
            64
        ],
        [
            72,
            271,
            26,
            11,
            1,
            10,
            40,
            10,
            22,
            724
        ]
    ]
}