{
    "accuracy": 0.7021666666666667,
    "precision_weighted": 0.7056709942954073,
    "recall_weighted": 0.7021666666666667,
    "confusion_matrix": [
        [
            963,
            43,
            36,
            14,
            16,
            7,
            21,
            23,
            74,
            20
        ],
        [
            19,
            1051,
            5,
            10,
            2,
            6,
            16,
            4,
            23,
            94
        ],
        [
            102,
            4,
            691,
            47,
            98,
            59,
            149,
            31,
            15,
            2
        ],
        [
            47,
            9,
            98,
            519,
            32,
            200,
            202,
            41,
            21,
            13
        ],
        [
            46,
            2,
            51,
            45,
            696,
            35,
            184,
            124,
            7,
            5
        ],
        [
            11,
            2,
            79,
            181,
            38,
            736,
            102,
            58,
            2,
            4
        ],
        [
            13,
            6,
            62,
            37,
            24,
            22,
            1003,
            14,
            7,
            2
        ],
        [
            36,
            4,
            45,
            59,
            72,
            58,
            25,
            880,
            4,
            14
        ],
        [
            117,
            39,
            18,
            14,
            11,
            8,
            14,
            7,
            948,
            15
        ],
        [
            60,
            101,
            7,
            17,
            6,
            7,
            19,
            17,
            14,
            939
        ]
    ]
}